{
    "model": "article_level_average",
    "n_articles": 569,
    "mean_x": 0.1634446397188049,
    "mean_y": 1174.3526896908359,
    "var_x": 77.79964850615139,
    "var_y": 7411515657.600633,
    "cov_xy": 188011.51626086872,
    "slope_beta_1": 2416.6113841247397,
    "intercept_beta_0": 779.3705126722053,
    "correlation_r": 0.24759514199275093,
    "r_squared": 0.06130335433841049
}